{
  "label_map": {
    "0": "TRANSITION",
    "1": "TRANSITION",
    "2": "TRANSITION",
    "3": "TREND",
    "4": "TRANSITION",
    "5": "SHOCK",
    "6": "TREND",
    "7": "TREND"
  },
  "scores": {
    "0": {
      "n": 123033,
      "shock": 0.07499613924719384,
      "transition": 0.35183243520031215,
      "trend": 0.33052920761096616,
      "range": 0.24264221794152788
    },
    "1": {
      "n": 51071,
      "shock": 0.38095984022243545,
      "transition": 0.4278161774784124,
      "trend": 0.11482054394862055,
      "range": 0.07640343835053161
    },
    "2": {
      "n": 47999,
      "shock": 0.3837579949582283,
      "transition": 0.427821412946103,
      "trend": 0.11756494926977645,
      "range": 0.07085564282589221
    },
    "3": {
      "n": 7525,
      "shock": 0.12598006644518273,
      "transition": 0.36385382059800664,
      "trend": 0.4160797342192691,
      "range": 0.09408637873754153
    },
    "4": {
      "n": 8638,
      "shock": 0.3976614957166011,
      "transition": 0.4190784903912943,
      "trend": 0.1594119009029868,
      "range": 0.02384811298911785
    },
    "5": {
      "n": 173153,
      "shock": 0.6462839223114818,
      "transition": 0.2855624794257101,
      "trend": 0.042020640705041204,
      "range": 0.02613295755776683
    },
    "6": {
      "n": 50596,
      "shock": 0.06680369989722508,
      "transition": 0.2930073523598703,
      "trend": 0.3517471736896197,
      "range": 0.28844177405328486
    },
    "7": {
      "n": 50321,
      "shock": 0.0641084239184436,
      "transition": 0.2926213707994674,
      "trend": 0.35752469148069393,
      "range": 0.28574551380139507
    }
  },
  "stationary": {
    "fallback_uniform": false,
    "unit_modulus_eigs": 1,
    "pi": [
      0.24153692314737674,
      0.10762997631029865,
      0.08748391675404063,
      0.017774120278748896,
      0.017620799113510287,
      0.338296376521839,
      0.0943249840663718,
      0.0953329038078141
    ]
  },
  "params": {
    "W_NORM": 252,
    "K_REGIME": 8,
    "K_BIN": 6,
    "SEED": 42,
    "FEATURES": [
      "p",
      "v",
      "flow",
      "sigma",
      "l"
    ],
    "KM": {
      "n_clusters": 8,
      "init": "k-means++",
      "n_init": 20,
      "max_iter": 300,
      "tol": 0.0001,
      "algorithm": "lloyd",
      "random_state": 42
    },
    "HMM": {
      "n_components": 8,
      "n_iter": 200,
      "tol": 0.001,
      "random_state": 42
    }
  }
}